{"loss": [1.1106218719482421, 0.6487100982666015, 0.5916729736328125], "mae": [0.8712635040283203, 0.6594746398925782, 0.6147626495361328]}