{"loss": [0.9289029541015625, 0.5300687255859375, 0.4930602722167969], "mae": [0.76788037109375, 0.57494140625, 0.5534117431640625]}